,rsi
2024-02-16 10:00:00,34.069334544697625
2024-02-16 09:55:00,39.79482332932776
2024-02-16 09:50:00,43.371443636751124
2024-02-16 09:45:00,45.71328493847571
2024-02-16 09:40:00,48.808626077896726
2024-02-16 09:35:00,13.8331913102528
2024-02-16 09:30:00,14.37062809139563
2024-02-15 10:00:00,28.47575215770304
2024-02-15 09:55:00,31.40734953614647
2024-02-15 09:50:00,51.363247569792364
2024-02-15 09:45:00,30.668890012035064
2024-02-15 09:40:00,34.98473264024116
2024-02-15 09:35:00,63.16109550668342
2024-02-15 09:30:00,77.78803636941696
2024-02-14 10:00:00,68.59561218908891
2024-02-14 09:55:00,44.6324265582019
2024-02-14 09:50:00,64.88531833391238
2024-02-14 09:45:00,70.26631513007754
2024-02-14 09:40:00,38.56230880336235
2024-02-14 09:35:00,24.717239978084777
2024-02-14 09:30:00,22.370965451404615
2024-02-13 10:00:00,74.30086622022819
2024-02-13 09:55:00,61.424293387079686
2024-02-13 09:50:00,68.03687461732736
2024-02-13 09:45:00,62.5716051826429
2024-02-13 09:40:00,73.04771511951418
2024-02-13 09:35:00,53.45882769924992
2024-02-13 09:30:00,19.782762375535825
2024-02-12 10:00:00,48.107987796049684
2024-02-12 09:55:00,46.007791082746415
2024-02-12 09:50:00,52.63925550800633
2024-02-12 09:45:00,44.13073786575772
2024-02-12 09:40:00,58.20482082142226
2024-02-12 09:35:00,59.73699843628788
2024-02-12 09:30:00,29.304190745619223
2024-02-09 10:00:00,39.60859887591064
2024-02-09 09:55:00,39.45200470139346
2024-02-09 09:50:00,52.45676240477745
2024-02-09 09:45:00,47.65280443213825
2024-02-09 09:40:00,45.19757255592929
2024-02-09 09:35:00,43.449314608293385
2024-02-09 09:30:00,60.11443495966973
2024-02-08 10:00:00,46.421240873774224
2024-02-08 09:55:00,51.76012086005145
2024-02-08 09:50:00,66.5749755500211
2024-02-08 09:45:00,70.51012151554725
2024-02-08 09:40:00,63.38711291184371
2024-02-08 09:35:00,41.160233100646735
2024-02-08 09:30:00,29.509760323779503
2024-02-07 10:00:00,48.171682478027314
2024-02-07 09:55:00,34.50572264617195
2024-02-07 09:50:00,61.624882762735304
2024-02-07 09:45:00,52.414970087780596
2024-02-07 09:40:00,54.765817890374535
2024-02-07 09:35:00,54.97590455890587
2024-02-07 09:30:00,56.4168015392781
2024-02-06 10:00:00,32.573858229174775
2024-02-06 09:55:00,34.1689207917054
2024-02-06 09:50:00,39.49739828387108
2024-02-06 09:45:00,68.88184364983766
2024-02-06 09:40:00,47.357869497720195
2024-02-06 09:35:00,45.43344365068112
2024-02-06 09:30:00,83.04222188787146
2024-02-05 10:00:00,43.02566998539169
2024-02-05 09:55:00,48.60212592720125
2024-02-05 09:50:00,20.73715927005381
2024-02-05 09:45:00,42.074303657885785
2024-02-05 09:40:00,31.819767366944262
2024-02-05 09:35:00,21.032980708869175
2024-02-05 09:30:00,41.456657150901215
2024-02-02 10:00:00,67.28223415813851
2024-02-02 09:55:00,51.942141738256474
2024-02-02 09:50:00,42.919179579287324
2024-02-02 09:45:00,53.018310257834806
2024-02-02 09:40:00,68.46373938598974
2024-02-02 09:35:00,58.695542980125055
2024-02-02 09:30:00,69.76830876850502
2024-02-01 10:00:00,47.258055696767876
2024-02-01 09:55:00,51.29989204705926
2024-02-01 09:50:00,60.26111979944818
2024-02-01 09:45:00,69.2290405559724
2024-02-01 09:40:00,69.09939275072058
2024-02-01 09:35:00,68.41503524473626
2024-02-01 09:30:00,49.487616267095305
2024-01-31 10:00:00,54.96410951363418
2024-01-31 09:55:00,53.588709757593705
2024-01-31 09:50:00,53.14782226940057
2024-01-31 09:45:00,39.90747950116293
2024-01-31 09:40:00,43.504828558110916
2024-01-31 09:35:00,71.3896961035601
2024-01-31 09:30:00,63.46971681290659
2024-01-30 10:00:00,39.29571819357463
2024-01-30 09:55:00,50.88710001816832
2024-01-30 09:50:00,65.14101016472335
2024-01-30 09:45:00,66.696146946055
2024-01-30 09:40:00,50.10953059592296
2024-01-30 09:35:00,39.160313363941746
2024-01-30 09:30:00,25.694603423990117
2024-01-29 10:00:00,50.003790940934174
2024-01-29 09:55:00,52.504807360303644
2024-01-29 09:50:00,51.592114176871995
2024-01-29 09:45:00,42.810085467905004
2024-01-29 09:40:00,55.158781654189426
2024-01-29 09:35:00,26.188093058709143
2024-01-29 09:30:00,17.100718953592903
2024-01-26 10:00:00,45.54543331034108
2024-01-26 09:55:00,39.610220906739855
2024-01-26 09:50:00,47.776979901179715
2024-01-26 09:45:00,42.29438456862994
2024-01-26 09:40:00,45.09047682997563
2024-01-26 09:35:00,56.33802268315344
2024-01-26 09:30:00,69.66654293456119
2024-01-25 10:00:00,37.0036193325841
2024-01-25 09:55:00,48.810532926108564
2024-01-25 09:50:00,52.518793062369646
2024-01-25 09:45:00,50.45447890312001
2024-01-25 09:40:00,54.205656652181105
2024-01-25 09:35:00,36.19122977278364
2024-01-25 09:30:00,32.33557434031739
2024-01-24 10:00:00,32.42393069145852
2024-01-24 09:55:00,26.662240749964468
2024-01-24 09:50:00,29.456704135554872
2024-01-24 09:45:00,38.10960607822885
2024-01-24 09:40:00,57.05709785268886
2024-01-24 09:35:00,37.70238441165392
2024-01-24 09:30:00,83.18281840373677
2024-01-23 10:00:00,70.72249876566825
2024-01-23 09:55:00,69.88848845078317
2024-01-23 09:50:00,65.92160985050282
2024-01-23 09:45:00,36.54205761228337
2024-01-23 09:40:00,41.78856320761256
2024-01-23 09:35:00,11.365031242300432
2024-01-23 09:30:00,36.428659310881265
2024-01-22 10:00:00,48.76791111954063
2024-01-22 09:55:00,52.650881973363
2024-01-22 09:50:00,36.46801124016856
2024-01-22 09:45:00,29.538720762185392
2024-01-22 09:40:00,37.04570441921221
2024-01-22 09:35:00,31.82788611934879
2024-01-22 09:30:00,35.54910491637365
2024-01-19 10:00:00,47.75751059234111
2024-01-19 09:55:00,55.95849012430577
2024-01-19 09:50:00,35.37672585894933
2024-01-19 09:45:00,48.7228775622397
2024-01-19 09:40:00,33.054776373704655
2024-01-19 09:35:00,27.77707679957814
2024-01-19 09:30:00,27.670409722296696
2024-01-18 10:00:00,41.96268890686194
2024-01-18 09:55:00,41.63660356367634
2024-01-18 09:50:00,33.67616640515702
2024-01-18 09:45:00,52.366406997478066
2024-01-18 09:40:00,70.09047893107433
2024-01-18 09:35:00,45.787008936233356
2024-01-18 09:30:00,46.987535745995785
2024-01-17 10:00:00,27.1290784543405
2024-01-17 09:55:00,33.25607779355653
2024-01-17 09:50:00,24.82492255539674
2024-01-17 09:45:00,32.341470230402834
2024-01-17 09:40:00,41.75758627423727
2024-01-17 09:35:00,36.65141777487672
2024-01-17 09:30:00,36.77078890161065
2024-01-16 10:00:00,39.784134710406185
2024-01-16 09:55:00,35.770400115590675
2024-01-16 09:50:00,32.78769682476437
2024-01-16 09:45:00,35.98819509156388
2024-01-16 09:40:00,44.975337231443824
2024-01-16 09:35:00,72.49545228621312
2024-01-16 09:30:00,48.084567058424106
2024-01-12 10:00:00,21.919666263405134
2024-01-12 09:55:00,59.5415621520525
2024-01-12 09:50:00,73.65763067105512
2024-01-12 09:45:00,72.9255463122733
2024-01-12 09:40:00,63.21500578004287
2024-01-12 09:35:00,23.210843912258227
2024-01-12 09:30:00,25.36150313601661
2024-01-11 10:00:00,55.850948198962016
2024-01-11 09:55:00,36.36516976186241
2024-01-11 09:50:00,32.176587814006936
2024-01-11 09:45:00,45.25360158221556
2024-01-11 09:40:00,62.35030166968172
2024-01-11 09:35:00,85.91899451566846
2024-01-11 09:30:00,84.63567868584964
2024-01-10 10:00:00,57.70781900285871
2024-01-10 09:55:00,51.95850507548961
2024-01-10 09:50:00,44.188752294303924
2024-01-10 09:45:00,68.67076180183778
2024-01-10 09:40:00,60.38937632576555
2024-01-10 09:35:00,59.27534498128943
2024-01-10 09:30:00,72.5248446918596
2024-01-09 10:00:00,56.0223899741158
2024-01-09 09:55:00,54.00479389369762
2024-01-09 09:50:00,60.19511377907605
2024-01-09 09:45:00,51.7244376957844
2024-01-09 09:40:00,63.89003234511996
2024-01-09 09:35:00,74.50598409452992
2024-01-09 09:30:00,66.75580073521522
2024-01-08 10:00:00,69.21799277652235
2024-01-08 09:55:00,50.73631388368716
2024-01-08 09:50:00,45.55920878260621
2024-01-08 09:45:00,76.19859126339553
2024-01-08 09:40:00,66.6214327817067
2024-01-08 09:35:00,70.57954431323226
2024-01-08 09:30:00,51.42947955052344
2024-01-05 10:00:00,72.25199291584903
2024-01-05 09:55:00,44.42326565295616
2024-01-05 09:50:00,56.13787365732507
2024-01-05 09:45:00,70.95781115861969
2024-01-05 09:40:00,66.05134124207477
2024-01-05 09:35:00,69.59791097335295
2024-01-05 09:30:00,68.10810442999349
2024-01-04 10:00:00,61.62169683555765
2024-01-04 09:55:00,55.77524916240166
2024-01-04 09:50:00,56.59833197682827
2024-01-04 09:45:00,58.910617945812184
2024-01-04 09:40:00,50.219043434065
2024-01-04 09:35:00,29.119541726821097
2024-01-04 09:30:00,43.4911994504964
2024-01-03 10:00:00,55.706849722929455
2024-01-03 09:55:00,57.0825075086696
2024-01-03 09:50:00,50.356258489103695
2024-01-03 09:45:00,56.23575312563558
2024-01-03 09:40:00,53.2127178505836
2024-01-03 09:35:00,86.65955061222411
2024-01-03 09:30:00,78.75112474649865
2024-01-02 10:00:00,40.30435556173877
2024-01-02 09:55:00,24.03118124942374
2024-01-02 09:50:00,26.864947022217294
2024-01-02 09:45:00,38.82638886467618
2024-01-02 09:40:00,34.625235963643235
2024-01-02 09:35:00,48.63616044120883
2024-01-02 09:30:00,89.91021989104149
2023-12-29 10:00:00,49.22268150399156
2023-12-29 09:55:00,69.34321411660733
2023-12-29 09:50:00,69.65665033327421
2023-12-29 09:45:00,72.1730743895376
2023-12-29 09:40:00,54.420019551255784
2023-12-29 09:35:00,23.438602804449914
2023-12-29 09:30:00,18.654953421667457
2023-12-28 10:00:00,59.68266014976547
2023-12-28 09:55:00,49.064251914609
2023-12-28 09:50:00,44.58808083767365
2023-12-28 09:45:00,40.988671740942195
2023-12-28 09:40:00,21.024317468823924
2023-12-28 09:35:00,29.493512555397103
2023-12-28 09:30:00,50.24267668890374
2023-12-27 10:00:00,64.38001718674982
2023-12-27 09:55:00,41.997827654329576
2023-12-27 09:50:00,40.2606450741145
2023-12-27 09:45:00,46.509925442709395
2023-12-27 09:40:00,65.22498090015853
2023-12-27 09:35:00,81.6598680563805
2023-12-27 09:30:00,58.16639247019592
2023-12-26 10:00:00,40.04344634950562
2023-12-26 09:55:00,41.45605040818318
2023-12-26 09:50:00,47.80752537431837
2023-12-26 09:45:00,56.92910818126757
2023-12-26 09:40:00,52.69359278524398
2023-12-26 09:35:00,49.55703538461965
2023-12-26 09:30:00,33.85898432532247
2023-12-22 10:00:00,32.425582597458884
2023-12-22 09:55:00,49.216836281694405
2023-12-22 09:50:00,60.32187095059901
2023-12-22 09:45:00,59.47762422565652
2023-12-22 09:40:00,49.124295158005275
2023-12-22 09:35:00,40.69106337669618
2023-12-22 09:30:00,46.92633340219606
2023-12-21 10:00:00,54.44966231268273
2023-12-21 09:55:00,54.54422287097862
2023-12-21 09:50:00,44.20613202082621
2023-12-21 09:45:00,48.36111783065358
2023-12-21 09:40:00,44.897804240990034
2023-12-21 09:35:00,13.716304998081156
2023-12-21 09:30:00,41.20128876441353
2023-12-20 10:00:00,59.732446930540206
2023-12-20 09:55:00,63.475318471225776
2023-12-20 09:50:00,69.32504643016313
2023-12-20 09:45:00,63.94656155619027
2023-12-20 09:40:00,68.69575866619014
2023-12-20 09:35:00,89.90437030497185
2023-12-20 09:30:00,70.30841940827366
2023-12-19 10:00:00,27.111105211128958
2023-12-19 09:55:00,40.06714618526734
2023-12-19 09:50:00,36.83133487115972
2023-12-19 09:45:00,48.11505326358484
2023-12-19 09:40:00,36.95367938492107
2023-12-19 09:35:00,34.64436180455178
2023-12-19 09:30:00,75.48110740546046
2023-12-18 10:00:00,59.66920377148074
2023-12-18 09:55:00,67.34369472710021
2023-12-18 09:50:00,64.81256756197055
2023-12-18 09:45:00,58.200692165495006
2023-12-18 09:40:00,72.17739392726672
2023-12-18 09:35:00,76.70295855639371
2023-12-18 09:30:00,52.85469737443423
2023-12-15 10:00:00,43.48705923609207
2023-12-15 09:55:00,52.056115726387056
2023-12-15 09:50:00,64.79667165612888
2023-12-15 09:45:00,71.5054240165208
2023-12-15 09:40:00,55.50272165919325
2023-12-15 09:35:00,55.19815621124908
2023-12-15 09:30:00,56.62336479584397
2023-12-14 10:00:00,16.775131739824346
2023-12-14 09:55:00,42.36266574247664
2023-12-14 09:50:00,33.88781582224979
2023-12-14 09:45:00,43.736619776595255
2023-12-14 09:40:00,28.06055872034844
2023-12-14 09:35:00,34.01430580654366
2023-12-14 09:30:00,50.381535854198766
2023-12-13 10:00:00,40.02253663697308
2023-12-13 09:55:00,33.50951694865235
2023-12-13 09:50:00,39.121903297806824
2023-12-13 09:45:00,44.46642571200466
2023-12-13 09:40:00,49.15424246076871
2023-12-13 09:35:00,54.18441618180668
2023-12-13 09:30:00,52.993625648991426
2023-12-12 10:00:00,51.96569273931891
2023-12-12 09:55:00,46.79600020890106
2023-12-12 09:50:00,43.5198001620494
2023-12-12 09:45:00,41.50979259405782
2023-12-12 09:40:00,53.666674402626086
2023-12-12 09:35:00,67.2041342006123
2023-12-12 09:30:00,63.93356414306177
2023-12-11 10:00:00,56.21204492009293
2023-12-11 09:55:00,45.9878490884123
2023-12-11 09:50:00,55.16146602899223
2023-12-11 09:45:00,57.642522650347956
2023-12-11 09:40:00,40.50687127861152
2023-12-11 09:35:00,23.46929306197235
2023-12-11 09:30:00,12.148936983594723
2023-12-08 10:00:00,63.24030855821815
2023-12-08 09:55:00,41.006238420880855
2023-12-08 09:50:00,50.95486446272292
2023-12-08 09:45:00,63.44695750821175
2023-12-08 09:40:00,58.42398934797132
2023-12-08 09:35:00,54.16656043049638
2023-12-08 09:30:00,58.060094593472414
2023-12-07 10:00:00,35.56128936766362
2023-12-07 09:55:00,27.381744429266845
2023-12-07 09:50:00,29.302002339815488
2023-12-07 09:45:00,44.143720331437926
2023-12-07 09:40:00,55.51161726327697
2023-12-07 09:35:00,51.06306623413107
2023-12-07 09:30:00,54.178983729924724
2023-12-06 10:00:00,23.763723808067027
2023-12-06 09:55:00,36.637235145755184
2023-12-06 09:50:00,45.43598288124368
2023-12-06 09:45:00,31.700847673338217
2023-12-06 09:40:00,19.329335999586718
2023-12-06 09:35:00,8.375886934993204
2023-12-06 09:30:00,8.451634358788198
2023-12-05 10:00:00,63.05686359470699
2023-12-05 09:55:00,64.10078765696784
2023-12-05 09:50:00,75.24557917626785
2023-12-05 09:45:00,67.83438771568737
2023-12-05 09:40:00,68.50741773147514
2023-12-05 09:35:00,59.660768351242886
2023-12-05 09:30:00,60.18663309417646
2023-12-04 10:00:00,52.7158536394411
2023-12-04 09:55:00,62.0034016169849
2023-12-04 09:50:00,25.674789278772806
2023-12-04 09:45:00,36.90931679770401
2023-12-04 09:40:00,50.24226659916109
2023-12-04 09:35:00,27.011727241787
2023-12-04 09:30:00,38.72184132833312
2023-12-01 10:00:00,36.72833000134016
2023-12-01 09:55:00,52.2111069990772
2023-12-01 09:50:00,52.298978898632704
2023-12-01 09:45:00,68.98998209315607
2023-12-01 09:40:00,65.93610766171614
2023-12-01 09:35:00,45.32822658373106
2023-12-01 09:30:00,74.31735722798732
2023-11-30 10:00:00,39.45537189936852
2023-11-30 09:55:00,35.904757325892774
2023-11-30 09:50:00,51.56661591241665
2023-11-30 09:45:00,50.37880128309754
2023-11-30 09:40:00,56.10913001310709
2023-11-30 09:35:00,66.01324447719979
2023-11-30 09:30:00,52.945918319824194
2023-11-29 10:00:00,54.77691455914636
2023-11-29 09:55:00,69.90573097235506
2023-11-29 09:50:00,60.7414039041094
2023-11-29 09:45:00,50.11333802872268
2023-11-29 09:40:00,53.33853487838474
2023-11-29 09:35:00,50.38397052828315
2023-11-29 09:30:00,30.8803126394468
2023-11-28 10:00:00,61.74729527513077
2023-11-28 09:55:00,29.913661851538066
2023-11-28 09:50:00,28.213883933887615
2023-11-28 09:45:00,23.776448036360875
2023-11-28 09:40:00,35.752871346665856
2023-11-28 09:35:00,36.495251058148234
2023-11-28 09:30:00,42.98918983204608
2023-11-27 10:00:00,66.59113245867044
2023-11-27 09:55:00,56.0736860104146
2023-11-27 09:50:00,56.930986544635545
2023-11-27 09:45:00,59.941517270382775
2023-11-27 09:40:00,58.6033083285322
2023-11-27 09:35:00,31.994483528058495
2023-11-27 09:30:00,52.68532377545023
2023-11-24 10:00:00,52.5811943731049
2023-11-24 09:55:00,48.88292346788262
2023-11-24 09:50:00,29.324822407260967
2023-11-24 09:45:00,35.88155680953865
2023-11-24 09:40:00,38.31452316983301
2023-11-24 09:35:00,44.69638666319398
2023-11-24 09:30:00,11.207745017596054
2023-11-22 10:00:00,37.43937474070066
2023-11-22 09:55:00,43.05698352890666
2023-11-22 09:50:00,53.13418759684274
2023-11-22 09:45:00,70.38571231158193
2023-11-22 09:40:00,85.05893075563372
2023-11-22 09:35:00,94.93351812492712
2023-11-22 09:30:00,88.46567745270539
2023-11-21 10:00:00,39.24332532089795
2023-11-21 09:55:00,34.565712035315386
2023-11-21 09:50:00,51.50386836576049
2023-11-21 09:45:00,36.94863801512932
2023-11-21 09:40:00,37.82784308358086
2023-11-21 09:35:00,19.322827786099708
2023-11-21 09:30:00,11.48261450417823
2023-11-20 10:00:00,33.56722815647355
2023-11-20 09:55:00,39.808614302906356
2023-11-20 09:50:00,50.43338346992464
2023-11-20 09:45:00,54.7644368501379
2023-11-20 09:40:00,53.247950435065064
2023-11-20 09:35:00,64.99360081281125
2023-11-20 09:30:00,67.99744455685828
2023-11-17 10:00:00,67.16575140319942
2023-11-17 09:55:00,70.17330359186607
2023-11-17 09:50:00,72.02295711219548
2023-11-17 09:45:00,54.346151641706136
2023-11-17 09:40:00,47.617388759034
2023-11-17 09:35:00,56.59253945384318
2023-11-17 09:30:00,66.13516607777167
2023-11-16 10:00:00,88.0547501354144
2023-11-16 09:55:00,78.46897194724272
2023-11-16 09:50:00,68.094716127494
2023-11-16 09:45:00,59.72811557060498
2023-11-16 09:40:00,33.00355605387969
2023-11-16 09:35:00,28.528163411418703
2023-11-16 09:30:00,22.39747712602596
2023-11-15 10:00:00,61.657769343227386
2023-11-15 09:55:00,37.02638940777402
2023-11-15 09:50:00,34.12041264070318
2023-11-15 09:45:00,25.813214327500987
2023-11-15 09:40:00,13.006881503310467
2023-11-15 09:35:00,27.43691800963255
2023-11-15 09:30:00,53.08554904664853
2023-11-14 10:00:00,65.61121293096505
2023-11-14 09:55:00,50.59120990849852
2023-11-14 09:50:00,40.17321742284373
2023-11-14 09:45:00,43.98113035485655
2023-11-14 09:40:00,65.7148445083848
2023-11-14 09:35:00,84.22791084694329
2023-11-14 09:30:00,63.607528030608385
2023-11-13 10:00:00,67.86637701276231
2023-11-13 09:55:00,51.5639665859672
2023-11-13 09:50:00,48.22003887720814
2023-11-13 09:45:00,29.039399428305316
2023-11-13 09:40:00,7.757818904840846
2023-11-13 09:35:00,15.216716598241419
2023-11-13 09:30:00,9.931944263232381
2023-11-10 10:00:00,50.16809945700718
2023-11-10 09:55:00,59.579701241954304
2023-11-10 09:50:00,68.76326221609366
2023-11-10 09:45:00,62.62120456267258
2023-11-10 09:40:00,62.37241218166893
2023-11-10 09:35:00,51.718334717332546
2023-11-10 09:30:00,8.89903066086059
2023-11-09 10:00:00,49.86027730787922
2023-11-09 09:55:00,76.99568448550963
2023-11-09 09:50:00,47.47726502771182
2023-11-09 09:45:00,47.63934493528993
2023-11-09 09:40:00,68.4623702838472
2023-11-09 09:35:00,56.75293156934441
2023-11-09 09:30:00,68.72531389952157
2023-11-08 10:00:00,40.54724436657243
2023-11-08 09:55:00,61.717264882004635
2023-11-08 09:50:00,52.565877587712336
2023-11-08 09:45:00,38.024538180875496
2023-11-08 09:40:00,39.439393039321374
2023-11-08 09:35:00,42.80948036429348
2023-11-08 09:30:00,18.189940053189076
2023-11-07 10:00:00,64.66042820264644
2023-11-07 09:55:00,63.28734517892375
2023-11-07 09:50:00,68.15844690996762
2023-11-07 09:45:00,64.45963550671073
2023-11-07 09:40:00,61.90310020643991
2023-11-07 09:35:00,53.032040899964464
2023-11-07 09:30:00,78.90732587937713
2023-11-06 10:00:00,61.31947793308376
2023-11-06 09:55:00,60.03976217707542
2023-11-06 09:50:00,54.14274317215356
2023-11-06 09:45:00,81.62363014805725
2023-11-06 09:40:00,62.91224435468036
2023-11-06 09:35:00,40.848383700735795
2023-11-06 09:30:00,57.46922917865762
2023-11-03 10:00:00,45.56051730713685
2023-11-03 09:55:00,40.142442250562716
2023-11-03 09:50:00,57.6117396207239
2023-11-03 09:45:00,48.66273523845066
2023-11-03 09:40:00,39.59360355217993
2023-11-03 09:35:00,34.99990631486932
2023-11-03 09:30:00,65.48667668363427
2023-11-02 10:00:00,44.35395800649465
2023-11-02 09:55:00,28.6332803349689
2023-11-02 09:50:00,42.392209232977955
2023-11-02 09:45:00,39.40625632898173
2023-11-02 09:40:00,41.461671185763564
2023-11-02 09:35:00,29.95102474883565
2023-11-02 09:30:00,49.46191991575942
2023-11-01 10:00:00,36.64182433253953
2023-11-01 09:55:00,52.59767455541917
2023-11-01 09:50:00,69.80764788522973
2023-11-01 09:45:00,76.69206060207262
2023-11-01 09:40:00,53.98095457549396
2023-11-01 09:35:00,57.23088650766756
2023-11-01 09:30:00,76.99144780422736
2023-10-31 10:00:00,64.33891713820361
2023-10-31 09:55:00,42.39264997299444
2023-10-31 09:50:00,43.443809203597255
2023-10-31 09:45:00,55.050046482289666
2023-10-31 09:40:00,44.269756429955734
2023-10-31 09:35:00,42.17654325566861
2023-10-31 09:30:00,68.55193906408734
2023-10-30 10:00:00,39.18096865062556
2023-10-30 09:55:00,60.63020900900393
2023-10-30 09:50:00,75.96066820621131
2023-10-30 09:45:00,61.103137656032345
2023-10-30 09:40:00,72.96886281486374
2023-10-30 09:35:00,67.68916021826732
2023-10-30 09:30:00,52.296661319944704
2023-10-27 10:00:00,49.8605530372352
2023-10-27 09:55:00,46.639085286083045
2023-10-27 09:50:00,59.71778680809803
2023-10-27 09:45:00,79.64094100760971
2023-10-27 09:40:00,67.55015988784386
2023-10-27 09:35:00,61.741434918636585
2023-10-27 09:30:00,52.88113741400597
2023-10-26 10:00:00,45.541262689003275
2023-10-26 09:55:00,26.5452547146745
2023-10-26 09:50:00,24.56883670317022
2023-10-26 09:45:00,43.56279850932997
2023-10-26 09:40:00,51.9889161872179
2023-10-26 09:35:00,63.312400769604174
2023-10-26 09:30:00,30.0241946632987
2023-10-25 10:00:00,36.802516024099724
2023-10-25 09:55:00,44.85181441093682
2023-10-25 09:50:00,33.95598206590053
2023-10-25 09:45:00,25.982151738331808
2023-10-25 09:40:00,36.41051130835195
2023-10-25 09:35:00,18.575733818690722
2023-10-25 09:30:00,20.593708559347462
2023-10-24 10:00:00,70.60519813919981
2023-10-24 09:55:00,60.21804539376599
2023-10-24 09:50:00,52.85924245848205
2023-10-24 09:45:00,48.65731399256098
2023-10-24 09:40:00,54.12647955533212
2023-10-24 09:35:00,38.317988271511005
2023-10-24 09:30:00,43.31302460888364
2023-10-23 10:00:00,50.77527082391082
2023-10-23 09:55:00,57.13668417733211
2023-10-23 09:50:00,40.79710682077907
2023-10-23 09:45:00,40.76537876069692
2023-10-23 09:40:00,43.97014093729203
2023-10-23 09:35:00,60.5041360546964
2023-10-23 09:30:00,60.94274159520367
2023-10-20 10:00:00,37.35190850355756
2023-10-20 09:55:00,39.90646416609433
2023-10-20 09:50:00,33.63928235662571
2023-10-20 09:45:00,36.020859029499036
2023-10-20 09:40:00,59.782931646692866
2023-10-20 09:35:00,42.43931730179035
2023-10-20 09:30:00,26.026105276318177
2023-10-19 10:00:00,46.00277254775245
2023-10-19 09:55:00,40.374004926633454
2023-10-19 09:50:00,53.54639587616291
2023-10-19 09:45:00,43.08274070823244
2023-10-19 09:40:00,47.83369795864515
2023-10-19 09:35:00,89.6454887002918
2023-10-19 09:30:00,67.45390867752698
2023-10-18 10:00:00,53.50454953822852
2023-10-18 09:55:00,65.62095873742838
2023-10-18 09:50:00,53.393896902967185
2023-10-18 09:45:00,34.14700810164739
2023-10-18 09:40:00,37.31874433531804
2023-10-18 09:35:00,48.05550877504528
2023-10-18 09:30:00,13.832127299497756
2023-10-17 10:00:00,55.521627293869095
2023-10-17 09:55:00,45.7572151436497
2023-10-17 09:50:00,40.25317781645429
2023-10-17 09:45:00,28.678013404966052
2023-10-17 09:40:00,24.903054875791852
2023-10-17 09:35:00,21.15218005798748
2023-10-17 09:30:00,19.127116250577018
2023-10-16 10:00:00,69.95559229913266
2023-10-16 09:55:00,78.08301430500104
2023-10-16 09:50:00,62.774983822839395
2023-10-16 09:45:00,53.56598521073542
2023-10-16 09:40:00,70.44756507311232
2023-10-16 09:35:00,67.82275671322418
2023-10-16 09:30:00,32.051571755494365
2023-10-13 10:00:00,34.17177195168111
2023-10-13 09:55:00,60.917480081395745
2023-10-13 09:50:00,51.62538552721993
2023-10-13 09:45:00,19.800755921926083
2023-10-13 09:40:00,31.117146770955856
2023-10-13 09:35:00,44.693226349833814
2023-10-13 09:30:00,65.64632314164021
2023-10-12 10:00:00,45.26068073916893
2023-10-12 09:55:00,47.47358238916485
2023-10-12 09:50:00,44.63893659358953
2023-10-12 09:45:00,32.60472131643701
2023-10-12 09:40:00,39.93505979172213
2023-10-12 09:35:00,75.70181914795354
2023-10-12 09:30:00,80.67247974863005
2023-10-11 10:00:00,36.30357506965854
2023-10-11 09:55:00,53.454445389118874
2023-10-11 09:50:00,32.28628040469316
2023-10-11 09:45:00,46.44923233222925
2023-10-11 09:40:00,59.142319488369786
2023-10-11 09:35:00,72.66717313722306
2023-10-11 09:30:00,58.96949131344111
2023-10-10 10:00:00,59.54890873662778
2023-10-10 09:55:00,55.23580235206815
2023-10-10 09:50:00,65.26936791900383
2023-10-10 09:45:00,61.01090730804084
2023-10-10 09:40:00,59.225754036837024
2023-10-10 09:35:00,55.51456448533054
2023-10-10 09:30:00,49.36395867180449
2023-10-09 10:00:00,49.39927665901996
2023-10-09 09:55:00,54.98872223547995
2023-10-09 09:50:00,63.0432303935457
2023-10-09 09:45:00,55.7269725898875
2023-10-09 09:40:00,31.032097902868642
2023-10-09 09:35:00,8.297179798825752
2023-10-09 09:30:00,19.279859398125993
2023-10-06 10:00:00,51.020567107045835
2023-10-06 09:55:00,50.387719861341346
2023-10-06 09:50:00,54.053832644320785
2023-10-06 09:45:00,68.4171352464729
2023-10-06 09:40:00,52.022613145944106
2023-10-06 09:35:00,57.31528355770067
2023-10-06 09:30:00,66.05853147629927
2023-10-05 10:00:00,30.824680344057953
2023-10-05 09:55:00,52.43303888342576
2023-10-05 09:50:00,34.09363804369046
2023-10-05 09:45:00,37.77333493039157
2023-10-05 09:40:00,29.330110794437118
2023-10-05 09:35:00,30.328636264488424
2023-10-05 09:30:00,32.2148925680449
2023-10-04 10:00:00,36.98827196418403
2023-10-04 09:55:00,54.50907907289799
2023-10-04 09:50:00,58.71775844371763
2023-10-04 09:45:00,52.756622275166755
2023-10-04 09:40:00,48.75601582097691
2023-10-04 09:35:00,71.82112521538619
2023-10-04 09:30:00,57.417108617136726
2023-10-03 10:00:00,25.387541994070077
2023-10-03 09:55:00,58.530142176777346
2023-10-03 09:50:00,48.456650100236416
2023-10-03 09:45:00,33.312810050497504
2023-10-03 09:40:00,42.48089547690237
2023-10-03 09:35:00,42.24021955581902
2023-10-03 09:30:00,53.05850121339797
2023-10-02 10:00:00,67.28334720431663
2023-10-02 09:55:00,53.48408591685629
2023-10-02 09:50:00,71.41276865495901
2023-10-02 09:45:00,79.42302184529234
2023-10-02 09:40:00,68.9260439173087
2023-10-02 09:35:00,59.189912929428075
2023-10-02 09:30:00,28.243756607370685
2023-09-29 10:00:00,55.52418397358921
2023-09-29 09:55:00,43.11880851442479
2023-09-29 09:50:00,51.890042622764675
2023-09-29 09:45:00,76.84875452433963
2023-09-29 09:40:00,57.10389670682707
2023-09-29 09:35:00,47.50745006637596
2023-09-29 09:30:00,17.464773777576966
2023-09-28 10:00:00,66.98987484238933
2023-09-28 09:55:00,35.747570300206746
2023-09-28 09:50:00,48.27135512298358
2023-09-28 09:45:00,48.05060025706277
2023-09-28 09:40:00,35.40112804665932
2023-09-28 09:35:00,46.17783507148137
2023-09-28 09:30:00,25.43230084528406
2023-09-27 10:00:00,32.74796226668303
2023-09-27 09:55:00,38.387992039126246
2023-09-27 09:50:00,43.913241602017116
2023-09-27 09:45:00,76.80842692163725
2023-09-27 09:40:00,62.737217823599394
2023-09-27 09:35:00,48.19284464340723
2023-09-27 09:30:00,60.117682814946015
2023-09-26 10:00:00,25.92686206990767
2023-09-26 09:55:00,20.41840710636515
2023-09-26 09:50:00,23.40670075927858
2023-09-26 09:45:00,30.457618395094343
2023-09-26 09:40:00,44.375144221509395
2023-09-26 09:35:00,39.826849790176865
2023-09-26 09:30:00,39.95301788648639
2023-09-25 10:00:00,75.99980953858096
2023-09-25 09:55:00,75.025098609899
2023-09-25 09:50:00,64.78466701461437
2023-09-25 09:45:00,50.24291304000292
2023-09-25 09:40:00,65.1764030063915
2023-09-25 09:35:00,45.39345142022877
2023-09-25 09:30:00,29.31920163848848
2023-09-22 10:00:00,45.14445114287746
2023-09-22 09:55:00,47.79152196508706
2023-09-22 09:50:00,47.87500256796242
2023-09-22 09:45:00,60.62777353071862
2023-09-22 09:40:00,36.200381480556565
2023-09-22 09:35:00,47.33679814852213
2023-09-22 09:30:00,64.54071965542099
2023-09-21 10:00:00,37.77044435902043
2023-09-21 09:55:00,28.15249465863991
2023-09-21 09:50:00,40.19981938399237
2023-09-21 09:45:00,59.35229513373308
2023-09-21 09:40:00,57.9969126339681
2023-09-21 09:35:00,43.431462018058156
2023-09-21 09:30:00,29.23918477151176
2023-09-20 10:00:00,34.28233168328072
2023-09-20 09:55:00,51.583299581795615
2023-09-20 09:50:00,41.28212747718064
2023-09-20 09:45:00,63.77143819597845
2023-09-20 09:40:00,61.964242214203665
2023-09-20 09:35:00,69.2181710610211
2023-09-20 09:30:00,33.74592273588878
2023-09-19 10:00:00,27.410271822590644
2023-09-19 09:55:00,26.97057523736501
2023-09-19 09:50:00,21.304123529549784
2023-09-19 09:45:00,32.96539321899439
2023-09-19 09:40:00,31.38954264629352
2023-09-19 09:35:00,12.803911356757439
2023-09-19 09:30:00,14.42197287061245
2023-09-18 10:00:00,39.06659427568571
2023-09-18 09:55:00,47.43040637555637
2023-09-18 09:50:00,64.28366166608939
2023-09-18 09:45:00,38.233822916225996
2023-09-18 09:40:00,65.1622088670867
2023-09-18 09:35:00,59.90407557459731
2023-09-18 09:30:00,89.23863117983505
2023-09-15 10:00:00,52.40572077834424
2023-09-15 09:55:00,40.22186807802333
2023-09-15 09:50:00,41.68541646290955
2023-09-15 09:45:00,39.76809020201637
2023-09-15 09:40:00,33.2826969992843
2023-09-15 09:35:00,54.89521949331908
2023-09-15 09:30:00,70.85769781400317
2023-09-14 10:00:00,52.01290264361966
2023-09-14 09:55:00,26.643094216811704
2023-09-14 09:50:00,20.578357600218283
2023-09-14 09:45:00,37.70171383879962
2023-09-14 09:40:00,44.72570799018022
2023-09-14 09:35:00,51.2913819366224
2023-09-14 09:30:00,18.126354700255348
2023-09-13 10:00:00,45.973042631102935
2023-09-13 09:55:00,46.229404869959296
2023-09-13 09:50:00,59.04208836969002
2023-09-13 09:45:00,75.67642042399675
2023-09-13 09:40:00,74.65001790463529
2023-09-13 09:35:00,75.38306339453604
2023-09-13 09:30:00,51.70975760877039
2023-09-12 10:00:00,43.34288901531319
2023-09-12 09:55:00,57.72236391839467
2023-09-12 09:50:00,46.44649481102423
2023-09-12 09:45:00,35.89343521159445
2023-09-12 09:40:00,47.505698349392176
2023-09-12 09:35:00,44.70471229522844
2023-09-12 09:30:00,60.566938618640656
2023-09-11 10:00:00,67.19051523053523
2023-09-11 09:55:00,67.82278539622436
2023-09-11 09:50:00,53.19828999339698
2023-09-11 09:45:00,63.260651789596885
2023-09-11 09:40:00,47.09392585366414
2023-09-11 09:35:00,73.60982742578233
2023-09-11 09:30:00,76.21521194096073
2023-09-08 10:00:00,37.55595833719923
2023-09-08 09:55:00,28.125283053561844
2023-09-08 09:50:00,59.734332091856736
2023-09-08 09:45:00,60.08725613260776
2023-09-08 09:40:00,63.20317575024335
2023-09-08 09:35:00,60.47569441456295
2023-09-08 09:30:00,58.82834517091334
2023-09-07 10:00:00,74.68861298531922
2023-09-07 09:55:00,59.61378273280831
2023-09-07 09:50:00,66.68543148036696
2023-09-07 09:45:00,62.8015461956031
2023-09-07 09:40:00,56.23884534050444
2023-09-07 09:35:00,52.58856612784062
2023-09-07 09:30:00,17.533647755424468
2023-09-06 10:00:00,39.07157865152514
2023-09-06 09:55:00,72.82416430043645
2023-09-06 09:50:00,66.11158019146072
2023-09-06 09:45:00,67.89892219756891
2023-09-06 09:40:00,53.17611211129889
2023-09-06 09:35:00,36.50750597433215
2023-09-06 09:30:00,26.520131035698896
2023-09-05 10:00:00,25.85125780813395
2023-09-05 09:55:00,36.215533406384544
2023-09-05 09:50:00,43.653973666451854
2023-09-05 09:45:00,41.27557694837046
2023-09-05 09:40:00,44.50037011538689
2023-09-05 09:35:00,13.776942777575826
2023-09-05 09:30:00,35.57393827477638
2023-09-01 10:00:00,37.62332712359055
2023-09-01 09:55:00,46.61086020691539
2023-09-01 09:50:00,27.2361389220422
2023-09-01 09:45:00,33.648465956033306
2023-09-01 09:40:00,26.361959761878992
2023-09-01 09:35:00,28.41621642318566
2023-09-01 09:30:00,57.953909627989226
2023-08-31 10:00:00,77.930955416113
2023-08-31 09:55:00,78.09376443247265
2023-08-31 09:50:00,67.68624083764934
2023-08-31 09:45:00,80.98680245150756
2023-08-31 09:40:00,65.88116393132195
2023-08-31 09:35:00,55.35791334748771
2023-08-31 09:30:00,77.79498929055119
2023-08-30 10:00:00,64.68497392833211
2023-08-30 09:55:00,72.96638058591462
2023-08-30 09:50:00,55.59007783765846
2023-08-30 09:45:00,45.95136246380383
2023-08-30 09:40:00,42.26102390840372
2023-08-30 09:35:00,20.919703174696906
2023-08-30 09:30:00,41.861558543631475
2023-08-29 10:00:00,73.72375696430147
2023-08-29 09:55:00,46.54987146596265
2023-08-29 09:50:00,57.22754426667654
2023-08-29 09:45:00,64.35710300388223
2023-08-29 09:40:00,38.43773398304943
2023-08-29 09:35:00,92.18383054266822
2023-08-29 09:30:00,89.5593940695887
2023-08-28 10:00:00,51.27335152737999
2023-08-28 09:55:00,47.27393618666418
2023-08-28 09:50:00,27.626716552175637
2023-08-28 09:45:00,28.639525326567266
2023-08-28 09:40:00,24.86980530046975
2023-08-28 09:35:00,48.07516115466411
2023-08-28 09:30:00,18.762326097731304
2023-08-25 10:00:00,46.534787042845196
2023-08-25 09:55:00,56.99853467894231
2023-08-25 09:50:00,47.35929797962279
2023-08-25 09:45:00,62.33579638249584
2023-08-25 09:40:00,44.152966144753286
2023-08-25 09:35:00,55.19412293454737
2023-08-25 09:30:00,65.77447455661735
2023-08-24 10:00:00,63.81929609393166
2023-08-24 09:55:00,36.24911912479174
2023-08-24 09:50:00,24.43419073127636
2023-08-24 09:45:00,31.873145363384793
2023-08-24 09:40:00,33.09768725008776
2023-08-24 09:35:00,32.60642994205217
2023-08-24 09:30:00,39.44103038198803
2023-08-23 10:00:00,57.73223194374781
2023-08-23 09:55:00,47.79085481522948
2023-08-23 09:50:00,45.16787090371423
2023-08-23 09:45:00,46.96751484796707
2023-08-23 09:40:00,26.511893505288526
2023-08-23 09:35:00,28.853564832896524
2023-08-23 09:30:00,24.515879283513414
2023-08-22 10:00:00,38.70789602357482
2023-08-22 09:55:00,30.703975177500325
2023-08-22 09:50:00,47.38872464959135
2023-08-22 09:45:00,47.94778552929078
2023-08-22 09:40:00,35.87332287129446
2023-08-22 09:35:00,38.61314359675
2023-08-22 09:30:00,36.09765572783221
2023-08-21 10:00:00,77.04887945221736
2023-08-21 09:55:00,61.40665614820027
2023-08-21 09:50:00,54.532213076855946
2023-08-21 09:45:00,64.59711788873483
2023-08-21 09:40:00,71.84273522919435
2023-08-21 09:35:00,52.29805060769002
2023-08-21 09:30:00,33.319931127412445
2023-08-18 10:00:00,44.50907132607932
2023-08-18 09:55:00,39.59529387969677
2023-08-18 09:50:00,61.17449240598403
2023-08-18 09:45:00,45.668638925281726
2023-08-18 09:40:00,72.58535037239572
2023-08-18 09:35:00,47.50781418703975
2023-08-18 09:30:00,51.88898607173837
2023-08-17 10:00:00,46.32388308026702
2023-08-17 09:55:00,26.68468086253796
2023-08-17 09:50:00,46.30793337593274
2023-08-17 09:45:00,41.593043755002505
2023-08-17 09:40:00,38.1995772725372
2023-08-17 09:35:00,36.98368156446108
2023-08-17 09:30:00,22.61672618367801
2023-08-16 10:00:00,49.04806411288311
2023-08-16 09:55:00,55.52871527042923
2023-08-16 09:50:00,57.7084427306446
2023-08-16 09:45:00,38.413567112766046
2023-08-16 09:40:00,37.22976800182721
2023-08-16 09:35:00,32.09634597257805
2023-08-16 09:30:00,21.805837893814257
2023-08-15 10:00:00,23.067861563315432
2023-08-15 09:55:00,38.44370663705975
2023-08-15 09:50:00,37.18951291502833
2023-08-15 09:45:00,27.986629795936807
2023-08-15 09:40:00,53.83735158917639
2023-08-15 09:35:00,63.449832709811524
2023-08-15 09:30:00,63.50750849984308
2023-08-14 10:00:00,47.40823466350686
2023-08-14 09:55:00,60.998129175064065
2023-08-14 09:50:00,67.53240613371906
2023-08-14 09:45:00,66.10413160746333
2023-08-14 09:40:00,53.786464251953625
2023-08-14 09:35:00,34.47611874801659
2023-08-14 09:30:00,60.04773432750464
2023-08-11 10:00:00,57.7805705436306
2023-08-11 09:55:00,27.801836868381656
2023-08-11 09:50:00,31.701619184512168
2023-08-11 09:45:00,35.409271970372274
2023-08-11 09:40:00,57.508096266493695
2023-08-11 09:35:00,71.88986723776618
2023-08-11 09:30:00,64.79011441815534
2023-08-10 10:00:00,59.98100996343185
2023-08-10 09:55:00,55.827660096131964
2023-08-10 09:50:00,59.202839072736865
2023-08-10 09:45:00,54.931357021137416
2023-08-10 09:40:00,62.790718678571245
2023-08-10 09:35:00,49.42134414582203
2023-08-10 09:30:00,34.94386507308805
2023-08-09 10:00:00,57.80410079766655
2023-08-09 09:55:00,48.621466187949835
2023-08-09 09:50:00,23.31136132112475
2023-08-09 09:45:00,25.466216303242092
2023-08-09 09:40:00,18.70290654993738
2023-08-09 09:35:00,20.21875787716833
2023-08-09 09:30:00,22.000207900205297
2023-08-08 10:00:00,39.00336817443383
2023-08-08 09:55:00,49.43151259067515
2023-08-08 09:50:00,25.999747219441318
2023-08-08 09:45:00,30.902444147565305
2023-08-08 09:40:00,30.612476619416356
2023-08-08 09:35:00,32.742022972331824
2023-08-08 09:30:00,39.277453895228696
2023-08-07 10:00:00,30.602777416637224
2023-08-07 09:55:00,49.49872654451759
2023-08-07 09:50:00,36.35048133742447
2023-08-07 09:45:00,38.927205153501546
2023-08-07 09:40:00,40.4312515018975
2023-08-07 09:35:00,24.258264080577305
2023-08-07 09:30:00,40.95929182395405
2023-08-04 10:00:00,55.27924166248712
2023-08-04 09:55:00,48.716189586007864
2023-08-04 09:50:00,48.18542984217281
2023-08-04 09:45:00,46.35622204637499
2023-08-04 09:40:00,52.58306149557788
2023-08-04 09:35:00,53.46878356773093
2023-08-04 09:30:00,68.42002363286772
2023-08-03 10:00:00,62.57636547528927
2023-08-03 09:55:00,61.89816600616898
2023-08-03 09:50:00,63.25324272284317
2023-08-03 09:45:00,57.88361721199935
2023-08-03 09:40:00,57.24910110101334
2023-08-03 09:35:00,37.69065118902343
2023-08-03 09:30:00,12.231999732594687
2023-08-02 10:00:00,27.597875365696126
2023-08-02 09:55:00,36.67411804502957
2023-08-02 09:50:00,38.411694267765355
2023-08-02 09:45:00,44.83770515240317
2023-08-02 09:40:00,24.972274646813815
2023-08-02 09:35:00,35.616690477992435
2023-08-02 09:30:00,22.042291169342434
2023-08-01 10:00:00,47.45646652928063
2023-08-01 09:55:00,47.52114667841606
2023-08-01 09:50:00,33.56971780037705
2023-08-01 09:45:00,47.27434071115591
2023-08-01 09:40:00,42.52250581936093
2023-08-01 09:35:00,25.468100669692248
2023-08-01 09:30:00,22.904772754321513
2023-07-31 10:00:00,31.60008902249102
2023-07-31 09:55:00,27.763294588045525
2023-07-31 09:50:00,35.44497040021788
2023-07-31 09:45:00,67.17360967593795
2023-07-31 09:40:00,55.42717162872148
2023-07-31 09:35:00,49.03600451721469
2023-07-31 09:30:00,15.25521943046948
2023-07-28 10:00:00,40.593400339852245
2023-07-28 09:55:00,58.1054774384628
2023-07-28 09:50:00,73.1174367057165
2023-07-28 09:45:00,61.718761286032276
2023-07-28 09:40:00,68.07762660784459
2023-07-28 09:35:00,58.65325374876225
2023-07-28 09:30:00,25.41065003894218
2023-07-27 10:00:00,63.66823662413369
2023-07-27 09:55:00,64.59890295966875
2023-07-27 09:50:00,40.0859475834673
2023-07-27 09:45:00,81.13878382769445
2023-07-27 09:40:00,79.0079635141949
2023-07-27 09:35:00,86.09471423639519
2023-07-27 09:30:00,56.418152894780405
2023-07-26 10:00:00,72.5351480167869
2023-07-26 09:55:00,87.5545856471207
2023-07-26 09:50:00,84.3466655904077
2023-07-26 09:45:00,80.13387077369825
2023-07-26 09:40:00,66.53769787036089
2023-07-26 09:35:00,68.65255283128911
2023-07-26 09:30:00,50.73626036433642
2023-07-25 10:00:00,47.18837508958935
2023-07-25 09:55:00,46.07431283355384
2023-07-25 09:50:00,53.05040531203723
2023-07-25 09:45:00,67.95883977768301
2023-07-25 09:40:00,38.77126727403297
2023-07-25 09:35:00,50.550359785357166
2023-07-25 09:30:00,50.29737144200806
2023-07-24 10:00:00,22.584817337881177
2023-07-24 09:55:00,28.966270514663975
2023-07-24 09:50:00,32.029861386244505
2023-07-24 09:45:00,41.86665546417345
2023-07-24 09:40:00,46.62840514265409
2023-07-24 09:35:00,73.1549052837091
2023-07-24 09:30:00,78.92478037881534
2023-07-21 10:00:00,32.49526494734597
2023-07-21 09:55:00,38.176194969492535
2023-07-21 09:50:00,36.97178046098146
2023-07-21 09:45:00,48.836865085276166
2023-07-21 09:40:00,27.678961824105613
2023-07-21 09:35:00,41.068636894731796
2023-07-21 09:30:00,14.205033365583844
2023-07-20 10:00:00,22.75043984838038
2023-07-20 09:55:00,45.45651623844852
2023-07-20 09:50:00,51.74669383832474
2023-07-20 09:45:00,63.343310925407835
2023-07-20 09:40:00,50.05197478672524
2023-07-20 09:35:00,52.98105819792431
2023-07-20 09:30:00,66.15721697478259
2023-07-19 10:00:00,59.98044835148347
2023-07-19 09:55:00,44.39877554359936
2023-07-19 09:50:00,61.10587297187224
2023-07-19 09:45:00,72.08420924499075
2023-07-19 09:40:00,82.05852549609448
2023-07-19 09:35:00,35.054726650983056
2023-07-19 09:30:00,10.048915619131705
2023-07-18 10:00:00,60.03439872559116
2023-07-18 09:55:00,31.243583821559426
2023-07-18 09:50:00,33.87887361096605
2023-07-18 09:45:00,47.29805371737391
2023-07-18 09:40:00,53.60120954247801
2023-07-18 09:35:00,19.490090953807865
2023-07-18 09:30:00,16.63054884490468
2023-07-17 10:00:00,54.712760114214696
2023-07-17 09:55:00,25.58029080418885
2023-07-17 09:50:00,17.93542096957613
2023-07-17 09:45:00,30.823686323366303
2023-07-17 09:40:00,49.32690296381237
2023-07-17 09:35:00,51.86526335249364
2023-07-17 09:30:00,67.01111768334435
2023-07-14 10:00:00,53.634981167353175
2023-07-14 09:55:00,44.25126127244231
2023-07-14 09:50:00,51.44847627730917
2023-07-14 09:45:00,50.98100127593997
2023-07-14 09:40:00,72.71018378520483
2023-07-14 09:35:00,89.56686818458236
2023-07-14 09:30:00,80.8967626798237
2023-07-13 10:00:00,51.22852272110812
2023-07-13 09:55:00,41.352455727191064
2023-07-13 09:50:00,56.07075911179191
2023-07-13 09:45:00,52.011188518994096
2023-07-13 09:40:00,45.89514070887138
2023-07-13 09:35:00,58.743907127133575
2023-07-13 09:30:00,38.52051432163974
2023-07-12 10:00:00,55.32235148009823
2023-07-12 09:55:00,40.819721951206425
2023-07-12 09:50:00,57.81070398955475
2023-07-12 09:45:00,51.16568546456486
2023-07-12 09:40:00,38.29389069096288
2023-07-12 09:35:00,83.62924834708285
2023-07-12 09:30:00,71.59987268136067
2023-07-11 10:00:00,43.51174583340911
2023-07-11 09:55:00,53.62863518907156
2023-07-11 09:50:00,70.43477633984733
2023-07-11 09:45:00,75.61320601428997
2023-07-11 09:40:00,70.23640448914924
2023-07-11 09:35:00,79.49420186515245
2023-07-11 09:30:00,36.08503500929032
2023-07-10 10:00:00,43.61011656639119
2023-07-10 09:55:00,16.603671907085143
2023-07-10 09:50:00,11.298263590396758
2023-07-10 09:45:00,29.244347108675015
2023-07-10 09:40:00,27.481922449030407
2023-07-10 09:35:00,10.676384065213071
2023-07-10 09:30:00,29.6258866569746
2023-07-07 10:00:00,55.83389711607815
2023-07-07 09:55:00,62.39845593608048
2023-07-07 09:50:00,62.330248190512336
2023-07-07 09:45:00,66.63524166990365
2023-07-07 09:40:00,48.31562125594916
2023-07-07 09:35:00,41.169446834248326
2023-07-07 09:30:00,32.221787879719955
2023-07-06 10:00:00,37.28821378858806
2023-07-06 09:55:00,28.955281859235612
2023-07-06 09:50:00,41.10599167725889
2023-07-06 09:45:00,58.183961122805265
2023-07-06 09:40:00,58.2890519736614
2023-07-06 09:35:00,17.000320449876313
2023-07-06 09:30:00,31.754677401947845
2023-07-05 10:00:00,40.32186429513068
2023-07-05 09:55:00,41.49914145188996
2023-07-05 09:50:00,41.99662631168236
2023-07-05 09:45:00,65.24161565767542
2023-07-05 09:40:00,61.81098108533624
2023-07-05 09:35:00,50.67165031287153
2023-07-05 09:30:00,84.03573661931874
2023-07-03 10:00:00,69.67216062939892
2023-07-03 09:55:00,45.73385931473587
2023-07-03 09:50:00,55.607367788555116
2023-07-03 09:45:00,50.39118157403969
2023-07-03 09:40:00,60.275207487948556
2023-07-03 09:35:00,58.81167684577104
2023-07-03 09:30:00,70.3088940354793
2023-06-30 10:00:00,56.95672811611324
2023-06-30 09:55:00,56.84171079196603
2023-06-30 09:50:00,66.068362074324
2023-06-30 09:45:00,77.04676564028478
2023-06-30 09:40:00,51.823542426098
2023-06-30 09:35:00,52.42760953787708
2023-06-30 09:30:00,43.55643601651493
2023-06-29 10:00:00,44.99254111486463
2023-06-29 09:55:00,36.93849755934897
2023-06-29 09:50:00,43.71862795353327
2023-06-29 09:45:00,39.58449438775425
2023-06-29 09:40:00,55.72029893000824
2023-06-29 09:35:00,46.31255522806399
2023-06-29 09:30:00,39.95583872307821
2023-06-28 10:00:00,51.90253299041
2023-06-28 09:55:00,58.35773971309192
2023-06-28 09:50:00,54.39493236576383
2023-06-28 09:45:00,49.32766882588089
2023-06-28 09:40:00,68.01865650335532
2023-06-28 09:35:00,82.03209005512488
2023-06-28 09:30:00,74.69175256479653
2023-06-27 10:00:00,59.697678197202386
2023-06-27 09:55:00,54.869249852936406
2023-06-27 09:50:00,52.230270819474555
2023-06-27 09:45:00,58.624584267931034
2023-06-27 09:40:00,31.913293637926856
2023-06-27 09:35:00,54.93844004552287
2023-06-27 09:30:00,49.92650971901107
2023-06-26 10:00:00,69.26706719549682
2023-06-26 09:55:00,70.45406561078772
2023-06-26 09:50:00,59.752535606993234
2023-06-26 09:45:00,55.095554828951975
2023-06-26 09:40:00,58.17246676720244
2023-06-26 09:35:00,64.68772664656673
2023-06-26 09:30:00,65.35375186559153
2023-06-23 10:00:00,49.67660769910945
2023-06-23 09:55:00,48.57961078923716
2023-06-23 09:50:00,21.365203259572652
2023-06-23 09:45:00,25.91866491823201
2023-06-23 09:40:00,75.43815975809261
2023-06-23 09:35:00,82.66025760974111
2023-06-23 09:30:00,61.507384701832386
2023-06-22 10:00:00,69.59777327993851
2023-06-22 09:55:00,73.89279015479174
2023-06-22 09:50:00,80.41564385936206
2023-06-22 09:45:00,67.26782675412676
2023-06-22 09:40:00,89.51657971999411
2023-06-22 09:35:00,90.89085687053004
2023-06-22 09:30:00,75.68852226940317
2023-06-21 10:00:00,34.36320332483022
2023-06-21 09:55:00,43.961775439299686
2023-06-21 09:50:00,51.47237571110679
2023-06-21 09:45:00,33.237139492379086
2023-06-21 09:40:00,67.76632177277415
2023-06-21 09:35:00,71.82852475166072
2023-06-21 09:30:00,28.330712918124377
2023-06-20 10:00:00,32.12638716439389
2023-06-20 09:55:00,45.11043834774033
2023-06-20 09:50:00,69.95440665513661
2023-06-20 09:45:00,65.7753149580571
2023-06-20 09:40:00,71.3938557226378
2023-06-20 09:35:00,49.75765968642071
2023-06-20 09:30:00,28.5498766856753
2023-06-16 10:00:00,48.04748190664927
2023-06-16 09:55:00,35.525490455518465
2023-06-16 09:50:00,42.62314346284417
2023-06-16 09:45:00,26.383826695987565
2023-06-16 09:40:00,18.79910820508958
2023-06-16 09:35:00,26.810434113931933
2023-06-16 09:30:00,41.1924550746893
2023-06-15 10:00:00,55.80055530938624
2023-06-15 09:55:00,77.00678308319517
2023-06-15 09:50:00,74.60247564747038
2023-06-15 09:45:00,58.54066950844681
2023-06-15 09:40:00,56.032328585789664
2023-06-15 09:35:00,25.407653706081305
2023-06-15 09:30:00,20.01325573423398
2023-06-14 10:00:00,54.643165897002206
2023-06-14 09:55:00,43.53533654824226
2023-06-14 09:50:00,55.9873662777063
2023-06-14 09:45:00,55.190865571700165
2023-06-14 09:40:00,42.27789233809305
2023-06-14 09:35:00,26.478946488372486
2023-06-14 09:30:00,14.85866278310911
2023-06-13 10:00:00,32.41022076628069
2023-06-13 09:55:00,54.0840641940543
2023-06-13 09:50:00,35.260418650778504
2023-06-13 09:45:00,31.736967725312425
2023-06-13 09:40:00,25.92950036237093
2023-06-13 09:35:00,20.21913198513292
2023-06-13 09:30:00,24.06790849953036
2023-06-12 10:00:00,63.63918984108517
2023-06-12 09:55:00,53.97959264991714
2023-06-12 09:50:00,43.91120296011747
2023-06-12 09:45:00,69.15420590342966
2023-06-12 09:40:00,66.2464450355428
2023-06-12 09:35:00,35.80512267949551
2023-06-12 09:30:00,26.576609921206256
2023-06-09 10:00:00,65.01366064224294
2023-06-09 09:55:00,49.2746118218564
2023-06-09 09:50:00,55.78933924591332
2023-06-09 09:45:00,81.64551003875319
2023-06-09 09:40:00,84.70201153676703
2023-06-09 09:35:00,73.28999138915856
2023-06-09 09:30:00,62.073680320876356
2023-06-08 10:00:00,56.2183722490019
2023-06-08 09:55:00,35.74108936681171
2023-06-08 09:50:00,38.69069967445435
2023-06-08 09:45:00,56.597477845369426
2023-06-08 09:40:00,63.4345619646715
2023-06-08 09:35:00,51.93184733867383
2023-06-08 09:30:00,27.787075879849084
2023-06-07 10:00:00,49.926604155169215
2023-06-07 09:55:00,44.89077530671873
2023-06-07 09:50:00,19.51554807217032
2023-06-07 09:45:00,25.471150454302133
2023-06-07 09:40:00,48.716899338705154
2023-06-07 09:35:00,52.14935176835002
2023-06-07 09:30:00,66.18126132927004
2023-06-06 10:00:00,56.56472044546467
2023-06-06 09:55:00,50.8281104158935
2023-06-06 09:50:00,50.3691145727596
2023-06-06 09:45:00,55.65166202650729
2023-06-06 09:40:00,59.13128666886542
2023-06-06 09:35:00,63.311272677341364
2023-06-06 09:30:00,46.79942622219236
2023-06-05 10:00:00,53.65433581209968
2023-06-05 09:55:00,50.81743109138569
2023-06-05 09:50:00,35.6319014317243
2023-06-05 09:45:00,55.236987155296916
2023-06-05 09:40:00,61.281163579537704
2023-06-05 09:35:00,63.062233770263774
2023-06-05 09:30:00,31.770954558278987
2023-06-02 10:00:00,27.219921010401436
2023-06-02 09:55:00,33.95813364818494
2023-06-02 09:50:00,38.79521547951899
2023-06-02 09:45:00,51.86580695793177
2023-06-02 09:40:00,60.297991480160896
2023-06-02 09:35:00,66.4764740594372
2023-06-02 09:30:00,70.81441824888282
2023-06-01 10:00:00,73.37894698266867
2023-06-01 09:55:00,50.49913130275615
2023-06-01 09:50:00,49.29446506372725
2023-06-01 09:45:00,38.276481771567624
2023-06-01 09:40:00,53.03469675817334
2023-06-01 09:35:00,31.020201898322938
2023-06-01 09:30:00,76.24027398152582
2023-05-31 10:00:00,53.81286505475006
2023-05-31 09:55:00,59.421115911901246
2023-05-31 09:50:00,57.063307071633865
2023-05-31 09:45:00,58.123962234302475
2023-05-31 09:40:00,51.12657936624789
2023-05-31 09:35:00,35.917766762455145
2023-05-31 09:30:00,37.4389853876837
2023-05-30 10:00:00,43.718094365634975
2023-05-30 09:55:00,27.588871587047436
2023-05-30 09:50:00,26.049767100868536
2023-05-30 09:45:00,23.003825732652842
2023-05-30 09:40:00,51.57802368435285
2023-05-30 09:35:00,44.086640086105774
2023-05-30 09:30:00,71.25446774931513
2023-05-26 10:00:00,76.36350837192005
2023-05-26 09:55:00,80.45703184749993
2023-05-26 09:50:00,73.57183498855517
2023-05-26 09:45:00,55.535663911183185
2023-05-26 09:40:00,68.65015861127797
2023-05-26 09:35:00,62.84222395733034
2023-05-26 09:30:00,67.86994205146155
2023-05-25 10:00:00,42.985057954566926
2023-05-25 09:55:00,35.57872142027706
2023-05-25 09:50:00,32.55069818514559
2023-05-25 09:45:00,36.31264075555139
2023-05-25 09:40:00,48.261976233457375
2023-05-25 09:35:00,40.32729294287077
2023-05-25 09:30:00,25.99388336429854
2023-05-24 10:00:00,59.424867247376106
2023-05-24 09:55:00,53.63010380345993
2023-05-24 09:50:00,53.29057535817508
2023-05-24 09:45:00,61.98614927195819
2023-05-24 09:40:00,69.77819014326964
2023-05-24 09:35:00,76.8720863336236
2023-05-24 09:30:00,54.695431185926
2023-05-23 10:00:00,54.35788552383366
2023-05-23 09:55:00,68.29041166112133
2023-05-23 09:50:00,63.068995857641205
2023-05-23 09:45:00,70.25234544107983
2023-05-23 09:40:00,78.59506212404283
2023-05-23 09:35:00,54.4985236087197
2023-05-23 09:30:00,17.568862574236846
2023-05-22 10:00:00,59.75404633269747
2023-05-22 09:55:00,54.6849978034995
2023-05-22 09:50:00,58.05984481636956
2023-05-22 09:45:00,40.46403961427138
2023-05-22 09:40:00,15.126529988976444
2023-05-22 09:35:00,25.957442273377367
2023-05-22 09:30:00,42.61350440005732
2023-05-19 10:00:00,28.22013249685841
2023-05-19 09:55:00,36.668254587660954
2023-05-19 09:50:00,39.99980423577354
2023-05-19 09:45:00,36.654358599032214
2023-05-19 09:40:00,52.73982000033411
2023-05-19 09:35:00,19.714664366446755
2023-05-19 09:30:00,24.667508803046616
2023-05-18 10:00:00,41.70315896391003
2023-05-18 09:55:00,43.26067773728511
2023-05-18 09:50:00,46.67953851164163
2023-05-18 09:45:00,62.38822871055831
2023-05-18 09:40:00,75.62995687127201
2023-05-18 09:35:00,57.59905860637164
2023-05-18 09:30:00,69.81812916563186
2023-05-17 10:00:00,47.96264163746311
2023-05-17 09:55:00,51.10660836071824
2023-05-17 09:50:00,48.75148637063928
2023-05-17 09:45:00,54.421395646304134
2023-05-17 09:40:00,62.10042366214278
2023-05-17 09:35:00,74.64847918989922
2023-05-17 09:30:00,96.1071351067884
2023-05-16 10:00:00,57.18624924559194
2023-05-16 09:55:00,43.68901625192088
2023-05-16 09:50:00,66.74943845126879
2023-05-16 09:45:00,75.74986430676685
2023-05-16 09:40:00,71.68275978829996
2023-05-16 09:35:00,88.4665072841519
2023-05-16 09:30:00,78.15157985025633
2023-05-15 10:00:00,30.925577610060813
2023-05-15 09:55:00,34.11277095732822
2023-05-15 09:50:00,25.970124771167548
2023-05-15 09:45:00,41.82117543389378
2023-05-15 09:40:00,46.62441597070585
2023-05-15 09:35:00,79.88732224555676
2023-05-15 09:30:00,87.4636521851204
2023-05-12 10:00:00,34.97247252009299
2023-05-12 09:55:00,46.85836663823448
2023-05-12 09:50:00,40.96705496238789
2023-05-12 09:45:00,50.04444160414231
2023-05-12 09:40:00,45.37233323860106
2023-05-12 09:35:00,46.575612159651634
2023-05-12 09:30:00,42.3334656981117
2023-05-11 10:00:00,69.86559437120951
2023-05-11 09:55:00,77.51717021892453
2023-05-11 09:50:00,49.79518529203223
2023-05-11 09:45:00,48.72931463430345
2023-05-11 09:40:00,36.50128992505728
2023-05-11 09:35:00,46.65487761807421
2023-05-11 09:30:00,80.8236403123942
2023-05-10 10:00:00,71.047720964676
2023-05-10 09:55:00,61.97131574344837
2023-05-10 09:50:00,39.827510295058964
2023-05-10 09:45:00,61.25491026696917
2023-05-10 09:40:00,46.19797880969299
2023-05-10 09:35:00,62.77338946813095
2023-05-10 09:30:00,58.74281740219084
2023-05-09 10:00:00,73.96168164253848
2023-05-09 09:55:00,47.43860455098785
2023-05-09 09:50:00,48.893959902701454
2023-05-09 09:45:00,47.83671966349916
2023-05-09 09:40:00,40.1336620855616
2023-05-09 09:35:00,44.44223732778348
2023-05-09 09:30:00,53.548827312004725
2023-05-08 10:00:00,70.57145765101741
2023-05-08 09:55:00,56.73111764525025
2023-05-08 09:50:00,54.81826721355803
2023-05-08 09:45:00,36.4258389130759
2023-05-08 09:40:00,44.89206418218773
2023-05-08 09:35:00,49.06620485703077
2023-05-08 09:30:00,26.333476029378033
2023-05-05 10:00:00,50.47345233328345
2023-05-05 09:55:00,37.14102625763831
2023-05-05 09:50:00,47.076710374390615
2023-05-05 09:45:00,39.556548241803135
2023-05-05 09:40:00,33.98850232460293
2023-05-05 09:35:00,36.78722840451546
2023-05-05 09:30:00,13.482892453005292
2023-05-04 10:00:00,34.049421389383696
2023-05-04 09:55:00,44.43236400970498
2023-05-04 09:50:00,39.07242626223697
2023-05-04 09:45:00,63.431975321541564
2023-05-04 09:40:00,66.58616691211697
2023-05-04 09:35:00,82.93200033262482
2023-05-04 09:30:00,79.91852541985733
2023-05-03 10:00:00,72.07426005494196
2023-05-03 09:55:00,83.87214419373015
2023-05-03 09:50:00,67.21683079847918
2023-05-03 09:45:00,75.74895994521667
2023-05-03 09:40:00,76.8792762294452
2023-05-03 09:35:00,70.56544762082211
2023-05-03 09:30:00,57.99321483412551
2023-05-02 10:00:00,70.3130575828946
2023-05-02 09:55:00,66.13749586927632
2023-05-02 09:50:00,76.40851330385733
2023-05-02 09:45:00,68.7352692318251
2023-05-02 09:40:00,58.5805366577597
2023-05-02 09:35:00,63.28672926931124
2023-05-02 09:30:00,27.83220213658673
2023-05-01 10:00:00,50.33990637096414
2023-05-01 09:55:00,58.980491034926494
2023-05-01 09:50:00,52.32016802673477
2023-05-01 09:45:00,48.16108257556606
2023-05-01 09:40:00,26.061769864495034
2023-05-01 09:35:00,9.958526269545814
2023-05-01 09:30:00,41.428024896779334
2023-04-28 10:00:00,37.64125039206061
2023-04-28 09:55:00,48.878162993875094
2023-04-28 09:50:00,58.30863134568192
2023-04-28 09:45:00,20.705678034613427
2023-04-28 09:40:00,20.99047157500918
2023-04-28 09:35:00,32.09595810853618
2023-04-28 09:30:00,73.38216794082189
2023-04-27 10:00:00,37.155348660460646
2023-04-27 09:55:00,66.87883922755239
2023-04-27 09:50:00,49.95858215088418
2023-04-27 09:45:00,28.81884543990411
2023-04-27 09:40:00,31.76379487158691
2023-04-27 09:35:00,41.737822426030604
2023-04-27 09:30:00,26.41645627390477
2023-04-26 10:00:00,53.91353331877801
2023-04-26 09:55:00,63.180164819631656
2023-04-26 09:50:00,77.3230855743899
2023-04-26 09:45:00,72.06680402725155
2023-04-26 09:40:00,50.77897064560347
2023-04-26 09:35:00,28.107963025916348
2023-04-26 09:30:00,19.371747438915676
2023-04-25 10:00:00,59.337988869893096
2023-04-25 09:55:00,36.71411760968848
2023-04-25 09:50:00,33.117961503343054
2023-04-25 09:45:00,40.61020585764245
2023-04-25 09:40:00,53.6339159318083
2023-04-25 09:35:00,48.0512600388837
2023-04-25 09:30:00,24.862381356230088
2023-04-24 10:00:00,27.21875334306175
2023-04-24 09:55:00,45.928078710779396
2023-04-24 09:50:00,41.27709087360113
2023-04-24 09:45:00,76.20300342676458
2023-04-24 09:40:00,75.04989121015598
2023-04-24 09:35:00,76.58738920931879
2023-04-24 09:30:00,66.56489137993404
2023-04-21 10:00:00,31.84901983550361
2023-04-21 09:55:00,38.082985240173706
2023-04-21 09:50:00,31.197310213657957
2023-04-21 09:45:00,49.86748772029633
2023-04-21 09:40:00,46.678203727066794
2023-04-21 09:35:00,53.83338207776058
2023-04-21 09:30:00,32.17543196786478
2023-04-20 10:00:00,55.26122564083787
2023-04-20 09:55:00,69.24547974895007
2023-04-20 09:50:00,66.51097352419231
2023-04-20 09:45:00,73.07550391325498
2023-04-20 09:40:00,70.47555476977674
2023-04-20 09:35:00,75.04936527760943
2023-04-20 09:30:00,46.34502396383514
2023-04-19 10:00:00,47.941428973664465
2023-04-19 09:55:00,68.0046455103132
2023-04-19 09:50:00,61.953525720067255
2023-04-19 09:45:00,75.72770922148274
2023-04-19 09:40:00,71.19776479972143
2023-04-19 09:35:00,88.96845310701431
2023-04-19 09:30:00,63.89319755648806
2023-04-18 10:00:00,32.0788025726098
2023-04-18 09:55:00,50.44450119362243
2023-04-18 09:50:00,49.969442076170594
2023-04-18 09:45:00,39.43446225906605
2023-04-18 09:40:00,33.00264196249532
2023-04-18 09:35:00,41.25800226295022
2023-04-18 09:30:00,48.86943995057513
2023-04-17 10:00:00,65.94191633187604
2023-04-17 09:55:00,48.44168814548747
2023-04-17 09:50:00,52.228065604443096
2023-04-17 09:45:00,46.361304021615446
2023-04-17 09:40:00,60.87847180288242
2023-04-17 09:35:00,72.9127874795019
2023-04-17 09:30:00,60.27736863873993
2023-04-14 10:00:00,50.174136076923816
2023-04-14 09:55:00,56.14140582609958
2023-04-14 09:50:00,58.92113233809894
2023-04-14 09:45:00,53.97667839922574
2023-04-14 09:40:00,78.65003148757485
2023-04-14 09:35:00,64.71016947968154
2023-04-14 09:30:00,57.30889720983762
2023-04-13 10:00:00,60.86783082205649
2023-04-13 09:55:00,59.674300121650965
2023-04-13 09:50:00,77.89362014959946
2023-04-13 09:45:00,59.845343304350436
2023-04-13 09:40:00,73.48405847498438
2023-04-13 09:35:00,69.56309425544856
2023-04-13 09:30:00,86.29578131665772
2023-04-12 10:00:00,31.519221395527495
2023-04-12 09:55:00,44.09779069325352
2023-04-12 09:50:00,43.09337843606186
2023-04-12 09:45:00,34.85798595934466
2023-04-12 09:40:00,44.35192352642956
2023-04-12 09:35:00,35.754740798140006
2023-04-12 09:30:00,17.7768190081391
2023-04-11 10:00:00,27.809812938023242
2023-04-11 09:55:00,30.51833082498713
2023-04-11 09:50:00,28.857743642900743
2023-04-11 09:45:00,45.70703903685527
2023-04-11 09:40:00,37.7127317829579
2023-04-11 09:35:00,51.32048882229531
2023-04-11 09:30:00,25.524607349839542
2023-04-10 10:00:00,46.83022404130921
2023-04-10 09:55:00,64.76147310811301
2023-04-10 09:50:00,37.69722775269555
2023-04-10 09:45:00,42.28070289290215
2023-04-10 09:40:00,33.0206727703513
2023-04-10 09:35:00,11.447788877968605
2023-04-10 09:30:00,24.036094092759214
2023-04-06 10:00:00,66.24189596604896
2023-04-06 09:55:00,34.05131256338626
2023-04-06 09:50:00,45.13301282964787
2023-04-06 09:45:00,48.54306961388379
2023-04-06 09:40:00,29.945958339587932
2023-04-06 09:35:00,42.390140005180804
2023-04-06 09:30:00,81.42750320748118
2023-04-05 10:00:00,55.656883759285826
2023-04-05 09:55:00,37.07554035291007
2023-04-05 09:50:00,40.8938421214585
2023-04-05 09:45:00,33.74301036874958
2023-04-05 09:40:00,26.445911691245854
2023-04-05 09:35:00,11.745562361645625
2023-04-05 09:30:00,15.643824382105805
2023-04-04 10:00:00,66.95274439296304
2023-04-04 09:55:00,55.25167152146106
2023-04-04 09:50:00,54.690622825822246
2023-04-04 09:45:00,38.338405556909
2023-04-04 09:40:00,44.167386124965375
2023-04-04 09:35:00,40.40902891659724
2023-04-04 09:30:00,25.601729033186672
2023-04-03 10:00:00,64.49175566963265
2023-04-03 09:55:00,57.06405446849363
2023-04-03 09:50:00,74.53052335420223
2023-04-03 09:45:00,46.03322174903336
2023-04-03 09:40:00,52.736490884896696
2023-04-03 09:35:00,46.36279667922645
2023-04-03 09:30:00,21.482634222469855
2023-03-31 10:00:00,53.64160593173191
2023-03-31 09:55:00,50.183344427507805
2023-03-31 09:50:00,50.673395292068406
2023-03-31 09:45:00,56.97406924351076
2023-03-31 09:40:00,68.94727460946913
2023-03-31 09:35:00,73.79083188754645
2023-03-31 09:30:00,32.02652493864389
2023-03-30 10:00:00,62.343205953133946
2023-03-30 09:55:00,69.20761203887135
2023-03-30 09:50:00,63.441069446055046
2023-03-30 09:45:00,51.733436171304035
2023-03-30 09:40:00,50.86350313126355
2023-03-30 09:35:00,50.13785876380067
2023-03-30 09:30:00,40.11718262090645
2023-03-29 10:00:00,50.17182291659893
2023-03-29 09:55:00,43.085412392828054
2023-03-29 09:50:00,53.08281564774713
2023-03-29 09:45:00,47.30066539181879
2023-03-29 09:40:00,74.51445865492624
2023-03-29 09:35:00,86.98212823113046
2023-03-29 09:30:00,92.43293922198751
2023-03-28 10:00:00,38.03154713697404
2023-03-28 09:55:00,62.07378642786511
2023-03-28 09:50:00,67.90372471705932
2023-03-28 09:45:00,57.686782160605446
2023-03-28 09:40:00,47.39703674825248
2023-03-28 09:35:00,37.89810470138796
2023-03-28 09:30:00,55.569333857972026
2023-03-27 10:00:00,56.859763064464765
2023-03-27 09:55:00,43.162083284842424
2023-03-27 09:50:00,64.55971476834381
2023-03-27 09:45:00,59.6405511732762
2023-03-27 09:40:00,44.96246144468689
2023-03-27 09:35:00,38.188902786676145
2023-03-27 09:30:00,44.98277217286888
2023-03-24 10:00:00,48.52574273592219
2023-03-24 09:55:00,66.99476265319237
2023-03-24 09:50:00,46.47614891180153
2023-03-24 09:45:00,33.26541041344967
2023-03-24 09:40:00,34.06376293173969
2023-03-24 09:35:00,11.019198675987766
2023-03-24 09:30:00,17.976829847880026
2023-03-23 10:00:00,64.40010740706813
2023-03-23 09:55:00,35.0030138547677
2023-03-23 09:50:00,36.52512834606618
2023-03-23 09:45:00,47.2108357498326
2023-03-23 09:40:00,32.274469042887716
2023-03-23 09:35:00,46.067125951658234
2023-03-23 09:30:00,89.45361135528323
2023-03-22 10:00:00,57.51498578886171
2023-03-22 09:55:00,44.71270377220601
2023-03-22 09:50:00,57.045935481408485
2023-03-22 09:45:00,41.82691391772302
2023-03-22 09:40:00,32.02346283524324
2023-03-22 09:35:00,34.24340637967694
2023-03-22 09:30:00,29.637201732325366
2023-03-21 10:00:00,68.16722240936521
2023-03-21 09:55:00,71.5615725658789
2023-03-21 09:50:00,63.53522030989543
2023-03-21 09:45:00,51.89969470516479
2023-03-21 09:40:00,46.01045284551911
2023-03-21 09:35:00,59.717430942038824
2023-03-21 09:30:00,55.497303031528155
2023-03-20 10:00:00,35.80384680364364
2023-03-20 09:55:00,37.231683336884664
2023-03-20 09:50:00,32.430141945598095
2023-03-20 09:45:00,17.38551925827926
2023-03-20 09:40:00,28.229924868480524
2023-03-20 09:35:00,9.176030282480127
2023-03-20 09:30:00,23.990585996460155
2023-03-17 10:00:00,66.03241069103139
2023-03-17 09:55:00,64.69784109708624
2023-03-17 09:50:00,37.61169295569364
2023-03-17 09:45:00,38.47916171568473
2023-03-17 09:40:00,46.68482158743306
2023-03-17 09:35:00,37.33550743466107
2023-03-17 09:30:00,68.69057749838385
2023-03-16 10:00:00,72.94980774578445
2023-03-16 09:55:00,59.897390992931314
2023-03-16 09:50:00,74.44858776653764
2023-03-16 09:45:00,67.96878767533019
2023-03-16 09:40:00,68.2587266426826
2023-03-16 09:35:00,51.87680921381949
2023-03-16 09:30:00,53.71433015302357
2023-03-15 10:00:00,48.43192248834995
2023-03-15 09:55:00,48.78647193670417
2023-03-15 09:50:00,50.872598155212216
2023-03-15 09:45:00,52.253761859874096
2023-03-15 09:40:00,59.791110629178725
2023-03-15 09:35:00,66.59479564651241
2023-03-15 09:30:00,56.01045728475573
2023-03-14 10:00:00,45.051678467462956
2023-03-14 09:55:00,35.65480470266506
2023-03-14 09:50:00,49.780255059201636
2023-03-14 09:45:00,51.79026259142909
2023-03-14 09:40:00,61.46014493216287
2023-03-14 09:35:00,26.668372617667814
2023-03-14 09:30:00,41.024321259498926
2023-03-13 10:00:00,57.10229292346354
2023-03-13 09:55:00,68.72621969970656
2023-03-13 09:50:00,71.83027044067009
2023-03-13 09:45:00,30.66943185904053
2023-03-13 09:40:00,33.287356298166586
2023-03-13 09:35:00,36.41961598252017
2023-03-13 09:30:00,70.21256908014638
2023-03-10 10:00:00,66.17662533766334
2023-03-10 09:55:00,44.1468329561401
2023-03-10 09:50:00,22.84577569717179
2023-03-10 09:45:00,18.745852380221933
2023-03-10 09:40:00,30.263086768885472
2023-03-10 09:35:00,32.26976048100221
2023-03-10 09:30:00,25.632422176200123
2023-03-09 10:00:00,68.71697236976792
2023-03-09 09:55:00,64.06968988186097
2023-03-09 09:50:00,72.7164416647905
2023-03-09 09:45:00,64.20730210697045
2023-03-09 09:40:00,75.34430155103921
2023-03-09 09:35:00,77.86877020683143
2023-03-09 09:30:00,57.43819151996442
2023-03-08 10:00:00,26.82744516836773
2023-03-08 09:55:00,35.996924329687886
2023-03-08 09:50:00,38.71861044124183
2023-03-08 09:45:00,40.59505666738772
2023-03-08 09:40:00,24.26088281780342
2023-03-08 09:35:00,20.355799618982246
2023-03-08 09:30:00,27.09287340150989
2023-03-07 10:00:00,16.727894460521895
2023-03-07 09:55:00,38.11196475405331
2023-03-07 09:50:00,54.59900724292679
2023-03-07 09:45:00,60.30532629380308
2023-03-07 09:40:00,82.86828174205885
2023-03-07 09:35:00,77.36733984902143
2023-03-07 09:30:00,47.24344130781427
2023-03-06 10:00:00,40.96129047091012
2023-03-06 09:55:00,50.86216556454323
2023-03-06 09:50:00,33.17598785264401
2023-03-06 09:45:00,42.43028583484878
2023-03-06 09:40:00,53.729027833957566
2023-03-06 09:35:00,47.666062740921895
2023-03-06 09:30:00,78.27840251649174
2023-03-03 10:00:00,55.016390751048455
2023-03-03 09:55:00,66.2717142701272
2023-03-03 09:50:00,70.47945229429166
2023-03-03 09:45:00,83.8440069592082
2023-03-03 09:40:00,63.66255864136912
2023-03-03 09:35:00,73.0585480411957
2023-03-03 09:30:00,31.99871729134189
2023-03-02 10:00:00,59.03010242219052
2023-03-02 09:55:00,46.008367377271696
2023-03-02 09:50:00,51.25779411836899
2023-03-02 09:45:00,64.18436181299619
2023-03-02 09:40:00,61.195635850073415
2023-03-02 09:35:00,41.03119271610664
2023-03-02 09:30:00,51.04295545530795
2023-03-01 10:00:00,35.03725051342646
2023-03-01 09:55:00,47.7678872151845
2023-03-01 09:50:00,59.09572920315684
2023-03-01 09:45:00,62.005157422356895
2023-03-01 09:40:00,57.945515502764714
2023-03-01 09:35:00,39.90147190322269
2023-03-01 09:30:00,26.454459515831317
2023-02-28 10:00:00,64.13880887545216
2023-02-28 09:55:00,42.453429409062295
2023-02-28 09:50:00,40.950828947753884
2023-02-28 09:45:00,47.36010669888669
2023-02-28 09:40:00,51.98468609000489
2023-02-28 09:35:00,43.57399937039051
2023-02-28 09:30:00,51.37211645995313
2023-02-27 10:00:00,55.95677605857976
2023-02-27 09:55:00,45.22141705880948
2023-02-27 09:50:00,33.33213065849401
2023-02-27 09:45:00,27.205120352059694
2023-02-27 09:40:00,40.971169509495105
2023-02-27 09:35:00,51.57089705052424
2023-02-27 09:30:00,71.51350421218153
2023-02-24 10:00:00,34.154602166930346
2023-02-24 09:55:00,63.1444483807903
2023-02-24 09:50:00,52.09730971342624
2023-02-24 09:45:00,44.42386347034391
2023-02-24 09:40:00,60.693132737091766
2023-02-24 09:35:00,57.25135620790355
2023-02-24 09:30:00,69.50360767388929
2023-02-23 10:00:00,49.63767287957719
2023-02-23 09:55:00,55.62314495553403
2023-02-23 09:50:00,38.496243294575095
2023-02-23 09:45:00,44.497246216980415
2023-02-23 09:40:00,50.8430420936105
2023-02-23 09:35:00,38.9008168626622
2023-02-23 09:30:00,45.72850880959607
2023-02-22 10:00:00,51.55720921196414
2023-02-22 09:55:00,54.32530283854275
2023-02-22 09:50:00,69.4668319174329
2023-02-22 09:45:00,78.27519797409244
2023-02-22 09:40:00,78.20715987272612
2023-02-22 09:35:00,68.29159007814383
2023-02-22 09:30:00,82.69298534827769
2023-02-21 10:00:00,40.87350024376879
2023-02-21 09:55:00,51.28988660661505
2023-02-21 09:50:00,32.633623226100894
2023-02-21 09:45:00,51.56740993302575
2023-02-21 09:40:00,60.44373860151031
2023-02-21 09:35:00,37.40997058724608
2023-02-21 09:30:00,18.976918036297064
2023-02-17 10:00:00,63.36130236147432
2023-02-17 09:55:00,39.09588445244342
2023-02-17 09:50:00,29.089903319016074
2023-02-17 09:45:00,24.37983581599798
2023-02-17 09:40:00,13.491542462345066
2023-02-17 09:35:00,24.93201024783255
2023-02-17 09:30:00,35.816454022206955
2023-02-16 10:00:00,48.528839453799634
2023-02-16 09:55:00,53.28938377361203
2023-02-16 09:50:00,57.29004595382548
2023-02-16 09:45:00,45.45763079688954
2023-02-16 09:40:00,35.304142772529005
2023-02-16 09:35:00,25.875840484889622
2023-02-16 09:30:00,31.61693835521858
2023-02-15 10:00:00,48.47985999890258
2023-02-15 09:55:00,40.38126193444717
2023-02-15 09:50:00,68.87990321373779
2023-02-15 09:45:00,61.215852141771755
2023-02-15 09:40:00,26.625130743358753
2023-02-15 09:35:00,51.189149041015966
2023-02-15 09:30:00,42.16136153576917
2023-02-14 10:00:00,74.8412323193765
2023-02-14 09:55:00,71.9473531098442
2023-02-14 09:50:00,68.04042131254114
2023-02-14 09:45:00,66.55263795393728
2023-02-14 09:40:00,51.04923883595644
2023-02-14 09:35:00,54.33777862479481
2023-02-14 09:30:00,29.33093400631087
2023-02-13 10:00:00,70.09266986468575
2023-02-13 09:55:00,63.95464568634904
2023-02-13 09:50:00,65.10924191490057
2023-02-13 09:45:00,52.400359186038465
2023-02-13 09:40:00,48.8226017439751
2023-02-13 09:35:00,34.14120001979438
2023-02-13 09:30:00,11.000678865521522
2023-02-10 10:00:00,31.498676216562615
2023-02-10 09:55:00,44.88378233369154
2023-02-10 09:50:00,71.66817170387279
2023-02-10 09:45:00,60.719326981398574
2023-02-10 09:40:00,40.319420022276056
2023-02-10 09:35:00,64.47393494605478
2023-02-10 09:30:00,64.61366152625408
2023-02-09 10:00:00,45.24396173979168
2023-02-09 09:55:00,45.17013442017292
2023-02-09 09:50:00,67.67720425499698
2023-02-09 09:45:00,38.17105298494889
2023-02-09 09:40:00,33.93536582388228
2023-02-09 09:35:00,37.15717946374949
2023-02-09 09:30:00,8.686053890681592
2023-02-08 10:00:00,46.49109909556822
2023-02-08 09:55:00,23.315430735343497
2023-02-08 09:50:00,32.83911582667976
2023-02-08 09:45:00,45.163297777736595
2023-02-08 09:40:00,33.5660309120956
2023-02-08 09:35:00,33.17184956536511
2023-02-08 09:30:00,62.11925602482132
2023-02-07 10:00:00,18.61494479684906
2023-02-07 09:55:00,29.897669332075154
2023-02-07 09:50:00,40.628154232659405
2023-02-07 09:45:00,44.06130324908837
2023-02-07 09:40:00,40.77971470290805
2023-02-07 09:35:00,9.50727834015747
2023-02-07 09:30:00,5.798258066346733
2023-02-06 10:00:00,54.17504538900662
2023-02-06 09:55:00,41.02915992293909
2023-02-06 09:50:00,45.53815158471735
2023-02-06 09:45:00,56.57581874248514
2023-02-06 09:40:00,43.848831042975924
2023-02-06 09:35:00,56.60890673211136
2023-02-06 09:30:00,91.46487830183412
2023-02-03 10:00:00,37.72159017758306
2023-02-03 09:55:00,57.9084916659388
2023-02-03 09:50:00,76.019598803806
2023-02-03 09:45:00,56.06211241070919
2023-02-03 09:40:00,66.92831617781033
2023-02-03 09:35:00,53.73046695500705
2023-02-03 09:30:00,58.7099911892979
2023-02-02 10:00:00,35.35930152545396
2023-02-02 09:55:00,42.084825001373865
2023-02-02 09:50:00,44.127458425460546
2023-02-02 09:45:00,37.43007454099942
2023-02-02 09:40:00,53.720979571315134
2023-02-02 09:35:00,62.81059816611614
2023-02-02 09:30:00,93.50767379632268
2023-02-01 10:00:00,40.76362540376553
2023-02-01 09:55:00,52.08786258153696
2023-02-01 09:50:00,56.18441349018918
2023-02-01 09:45:00,40.342261354830434
2023-02-01 09:40:00,50.97081035991656
2023-02-01 09:35:00,6.329052504214474
2023-02-01 09:30:00,12.499436249425145
2023-01-31 10:00:00,38.72355720691631
2023-01-31 09:55:00,70.56941258416742
2023-01-31 09:50:00,72.52337431753818
2023-01-31 09:45:00,66.01347901079579
2023-01-31 09:40:00,52.297871767009795
2023-01-31 09:35:00,66.27101665488792
2023-01-31 09:30:00,79.61181334456575
2023-01-30 10:00:00,60.475179281846465
2023-01-30 09:55:00,50.02243217343897
2023-01-30 09:50:00,63.71494900333259
2023-01-30 09:45:00,50.83650571452169
2023-01-30 09:40:00,38.553832912811494
2023-01-30 09:35:00,14.033127213623501
2023-01-30 09:30:00,34.53941350106672
2023-01-27 10:00:00,46.0829535402304
2023-01-27 09:55:00,73.74795550044003
2023-01-27 09:50:00,72.3397216477849
2023-01-27 09:45:00,60.39233814199198
2023-01-27 09:40:00,56.97949638369324
2023-01-27 09:35:00,72.91261231012135
2023-01-27 09:30:00,84.37308667259549
2023-01-26 10:00:00,37.13943623644601
2023-01-26 09:55:00,49.31978872170901
2023-01-26 09:50:00,41.304343886556474
2023-01-26 09:45:00,54.09896122837013
2023-01-26 09:40:00,43.901195700060924
2023-01-26 09:35:00,62.872705639148194
2023-01-26 09:30:00,79.4135195145052
2023-01-25 10:00:00,22.77279991146311
2023-01-25 09:55:00,32.92244304930193
2023-01-25 09:50:00,39.29147904588695
2023-01-25 09:45:00,35.981636025999734
2023-01-25 09:40:00,63.69884816764294
2023-01-25 09:35:00,58.72784536364457
2023-01-25 09:30:00,39.07878197106444
2023-01-24 10:00:00,26.620177321427946
2023-01-24 09:55:00,59.09383499159068
2023-01-24 09:50:00,55.85670663660155
2023-01-24 09:45:00,53.136861425389775
2023-01-24 09:40:00,54.13139623762551
2023-01-24 09:35:00,71.48301419817676
2023-01-24 09:30:00,53.37714635675079
2023-01-23 10:00:00,57.25536334516539
2023-01-23 09:55:00,63.277379189774756
2023-01-23 09:50:00,60.815436902252834
2023-01-23 09:45:00,59.09879566165637
2023-01-23 09:40:00,39.32198678241614
2023-01-23 09:35:00,33.617821040897454
2023-01-23 09:30:00,10.640827382237347
2023-01-20 10:00:00,47.625744116035925
2023-01-20 09:55:00,72.62470106387765
2023-01-20 09:50:00,54.42939767736751
2023-01-20 09:45:00,54.47395280410284
2023-01-20 09:40:00,56.29086758457216
2023-01-20 09:35:00,19.07605893759427
2023-01-20 09:30:00,22.03426997269169
2023-01-19 10:00:00,45.58182769122641
2023-01-19 09:55:00,56.53682564355016
2023-01-19 09:50:00,41.004822587383174
2023-01-19 09:45:00,25.115065006665617
2023-01-19 09:40:00,55.35669216065881
2023-01-19 09:35:00,63.90250890181718
2023-01-19 09:30:00,90.08829253621191
2023-01-18 10:00:00,74.22168632964022
2023-01-18 09:55:00,53.83875538635107
2023-01-18 09:50:00,62.738361708629704
2023-01-18 09:45:00,44.216151664956165
2023-01-18 09:40:00,40.33110187441819
2023-01-18 09:35:00,64.85689323630451
2023-01-18 09:30:00,86.75304022065339
2023-01-17 10:00:00,44.67190186704614
2023-01-17 09:55:00,39.11425099111079
2023-01-17 09:50:00,29.954923061101994
2023-01-17 09:45:00,39.74306259371274
2023-01-17 09:40:00,9.53284906225359
2023-01-17 09:35:00,20.49895950739419
2023-01-17 09:30:00,25.617759728715612
2023-01-13 10:00:00,60.213613575506606
2023-01-13 09:55:00,76.0649931265611
2023-01-13 09:50:00,79.24309641418101
2023-01-13 09:45:00,75.7177246456253
2023-01-13 09:40:00,73.07675657363943
2023-01-13 09:35:00,75.05382173509983
2023-01-13 09:30:00,89.4911577702114
2023-01-12 10:00:00,62.18746432206319
2023-01-12 09:55:00,36.34076424774911
2023-01-12 09:50:00,18.680583279343452
2023-01-12 09:45:00,28.64829925522055
2023-01-12 09:40:00,32.032829987828634
2023-01-12 09:35:00,26.611118423609653
2023-01-12 09:30:00,80.52329935467245
2023-01-11 10:00:00,59.630358368094676
2023-01-11 09:55:00,48.72653620392563
2023-01-11 09:50:00,62.273638348549994
2023-01-11 09:45:00,68.29744639653069
2023-01-11 09:40:00,72.08362548939705
2023-01-11 09:35:00,87.91164670370469
2023-01-11 09:30:00,83.99398063169181
2023-01-10 10:00:00,53.115507825603764
2023-01-10 09:55:00,65.60809311155504
2023-01-10 09:50:00,51.044364116743814
2023-01-10 09:45:00,52.44586030559675
2023-01-10 09:40:00,60.07173155560169
2023-01-10 09:35:00,77.23944345705152
2023-01-10 09:30:00,38.718216317146094
2023-01-09 10:00:00,74.84436720821614
2023-01-09 09:55:00,58.61431370687796
2023-01-09 09:50:00,72.14654694305133
2023-01-09 09:45:00,70.36111723606064
2023-01-09 09:40:00,60.80453067476048
2023-01-09 09:35:00,81.74163547246097
2023-01-09 09:30:00,85.24715709357254
2023-01-06 10:00:00,58.26854816381127
2023-01-06 09:55:00,57.960581401810146
2023-01-06 09:50:00,41.162845828673056
2023-01-06 09:45:00,22.158498395130593
2023-01-06 09:40:00,25.531060967283025
2023-01-06 09:35:00,39.851912247873805
2023-01-06 09:30:00,19.075402126094744
2023-01-05 10:00:00,40.80147978935985
2023-01-05 09:55:00,35.16473954725464
2023-01-05 09:50:00,31.750769918844654
2023-01-05 09:45:00,31.756096047503902
2023-01-05 09:40:00,23.012759232395524
2023-01-05 09:35:00,23.4216235295479
2023-01-05 09:30:00,30.213170875207126
2023-01-04 10:00:00,30.886918800825626
2023-01-04 09:55:00,49.02253539557927
2023-01-04 09:50:00,59.202217849656535
2023-01-04 09:45:00,24.40223685508562
2023-01-04 09:40:00,36.35559187697832
2023-01-04 09:35:00,32.80361750288071
2023-01-04 09:30:00,43.93184251746521
2023-01-03 10:00:00,33.635209744030035
2023-01-03 09:55:00,44.86380083340522
2023-01-03 09:50:00,49.573481601865744
2023-01-03 09:45:00,58.531773602084165
2023-01-03 09:40:00,90.3020692691486
2023-01-03 09:35:00,82.03377242747928
2023-01-03 09:30:00,64.91595275904226
